[
  {
    "video_id": 1,
    "comment_id": 1,
    "author": "user1",
    "content": "Comment on video1",
    "timestamp": "2023-11-28 00:57:53.225"
  },
  {
    "video_id": 1,
    "comment_id": 2,
    "author": "user2",
    "content": "Comment on video1",
    "timestamp": "2023-11-28 00:57:53.236"
  },
  {
    "video_id": 1,
    "comment_id": 3,
    "author": "user1",
    "content": "Comment on video1",
    "timestamp": "2023-11-28 00:57:53.248"
  },
  {
    "video_id": 1,
    "comment_id": 4,
    "author": "user3",
    "content": "Comment on video1",
    "timestamp": "2023-11-28 00:57:53.259"
  },
  {
    "video_id": 1,
    "comment_id": 5,
    "author": "user4",
    "content": "Comment on video1",
    "timestamp": "2023-11-28 00:57:53.271"
  },
  {
    "video_id": 2,
    "comment_id": 6,
    "author": "user1",
    "content": "Comment on video2",
    "timestamp": "2023-11-28 00:57:53.282"
  },
  {
    "video_id": 4,
    "comment_id": 10,
    "author": "user1",
    "content": "Comment on video4",
    "timestamp": "2023-11-28 00:57:53.338"
  },
  {
    "video_id": 3,
    "comment_id": 7,
    "author": "user2",
    "content": "Comment on video3",
    "timestamp": "2023-11-28 00:57:53.297"
  },
  {
    "video_id": 3,
    "comment_id": 8,
    "author": "user3",
    "content": "Comment on video3",
    "timestamp": "2023-11-28 00:57:53.310"
  },
  {
    "video_id": 3,
    "comment_id": 9,
    "author": "user1",
    "content": "Comment on video3",
    "timestamp": "2023-11-28 00:57:53.325"
  }
]