[
  {
    "video_id": 5,
    "follower": "user3",
    "follow_timestamp": "2019-05-01 17:15:00.000"
  },
  {
    "video_id": 1,
    "follower": "user1",
    "follow_timestamp": "2019-01-01 12:00:00.000"
  },
  {
    "video_id": 1,
    "follower": "user2",
    "follow_timestamp": "2019-01-01 12:00:00.000"
  },
  {
    "video_id": 1,
    "follower": "user4",
    "follow_timestamp": "2019-01-01 12:00:00.000"
  },
  {
    "video_id": 2,
    "follower": "user2",
    "follow_timestamp": "2019-02-01 13:30:00.000"
  },
  {
    "video_id": 4,
    "follower": "user1",
    "follow_timestamp": "2019-04-01 16:00:00.000"
  },
  {
    "video_id": 3,
    "follower": "user2",
    "follow_timestamp": "2019-03-01 14:45:00.000"
  }
]